,organization.identifier.type.coding.code,organization.identifier.type.coding.display,organization.identifier.type.coding.system,organization.identifier.system,organization.identifier.value,organization
0,NPI,National Provider Identifier,http://hl7.org/fhir/sid/us-npi,http://hl7.org/fhir/sid/us-npi,220135,
1,NPI,National Provider Identifier,http://hl7.org/fhir/sid/us-npi,http://hl7.org/fhir/sid/us-npi,220135,
2,NPI,National Provider Identifier,http://hl7.org/fhir/sid/us-npi,http://hl7.org/fhir/sid/us-npi,220135,
3,NPI,National Provider Identifier,http://hl7.org/fhir/sid/us-npi,http://hl7.org/fhir/sid/us-npi,220135,
4,NPI,National Provider Identifier,http://hl7.org/fhir/sid/us-npi,http://hl7.org/fhir/sid/us-npi,220135,
5,NPI,National Provider Identifier,http://hl7.org/fhir/sid/us-npi,http://hl7.org/fhir/sid/us-npi,220135,
6,NPI,National Provider Identifier,http://hl7.org/fhir/sid/us-npi,http://hl7.org/fhir/sid/us-npi,220135,
7,NPI,National Provider Identifier,http://hl7.org/fhir/sid/us-npi,http://hl7.org/fhir/sid/us-npi,220135,
8,NPI,National Provider Identifier,http://hl7.org/fhir/sid/us-npi,http://hl7.org/fhir/sid/us-npi,220135,
9,NPI,National Provider Identifier,http://hl7.org/fhir/sid/us-npi,http://hl7.org/fhir/sid/us-npi,220135,
10,NPI,National Provider Identifier,http://hl7.org/fhir/sid/us-npi,http://hl7.org/fhir/sid/us-npi,220135,
11,NPI,National Provider Identifier,http://hl7.org/fhir/sid/us-npi,http://hl7.org/fhir/sid/us-npi,220060,
12,NPI,National Provider Identifier,http://hl7.org/fhir/sid/us-npi,http://hl7.org/fhir/sid/us-npi,PCP65148,
13,NPI,National Provider Identifier,http://hl7.org/fhir/sid/us-npi,http://hl7.org/fhir/sid/us-npi,PCP65148,
14,NPI,National Provider Identifier,http://hl7.org/fhir/sid/us-npi,http://hl7.org/fhir/sid/us-npi,220060,
15,NPI,National Provider Identifier,http://hl7.org/fhir/sid/us-npi,http://hl7.org/fhir/sid/us-npi,PCP65148,
16,NPI,National Provider Identifier,http://hl7.org/fhir/sid/us-npi,http://hl7.org/fhir/sid/us-npi,PCP65148,
17,NPI,National Provider Identifier,http://hl7.org/fhir/sid/us-npi,http://hl7.org/fhir/sid/us-npi,220060,
18,NPI,National Provider Identifier,http://hl7.org/fhir/sid/us-npi,http://hl7.org/fhir/sid/us-npi,PCP65148,
19,NPI,National Provider Identifier,http://hl7.org/fhir/sid/us-npi,http://hl7.org/fhir/sid/us-npi,PCP65148,
20,NPI,National Provider Identifier,http://hl7.org/fhir/sid/us-npi,http://hl7.org/fhir/sid/us-npi,220060,
21,NPI,National Provider Identifier,http://hl7.org/fhir/sid/us-npi,http://hl7.org/fhir/sid/us-npi,PCP65148,
22,NPI,National Provider Identifier,http://hl7.org/fhir/sid/us-npi,http://hl7.org/fhir/sid/us-npi,PCP65148,
23,NPI,National Provider Identifier,http://hl7.org/fhir/sid/us-npi,http://hl7.org/fhir/sid/us-npi,221520,
24,NPI,National Provider Identifier,http://hl7.org/fhir/sid/us-npi,http://hl7.org/fhir/sid/us-npi,221520,
25,NPI,National Provider Identifier,http://hl7.org/fhir/sid/us-npi,http://hl7.org/fhir/sid/us-npi,220060,
26,NPI,National Provider Identifier,http://hl7.org/fhir/sid/us-npi,http://hl7.org/fhir/sid/us-npi,220060,
27,NPI,National Provider Identifier,http://hl7.org/fhir/sid/us-npi,http://hl7.org/fhir/sid/us-npi,220060,
28,NPI,National Provider Identifier,http://hl7.org/fhir/sid/us-npi,http://hl7.org/fhir/sid/us-npi,220060,
29,NPI,National Provider Identifier,http://hl7.org/fhir/sid/us-npi,http://hl7.org/fhir/sid/us-npi,220060,
30,NPI,National Provider Identifier,http://hl7.org/fhir/sid/us-npi,http://hl7.org/fhir/sid/us-npi,PCP65148,
31,NPI,National Provider Identifier,http://hl7.org/fhir/sid/us-npi,http://hl7.org/fhir/sid/us-npi,PCP65148,
32,NPI,National Provider Identifier,http://hl7.org/fhir/sid/us-npi,http://hl7.org/fhir/sid/us-npi,220060,
33,NPI,National Provider Identifier,http://hl7.org/fhir/sid/us-npi,http://hl7.org/fhir/sid/us-npi,PCP65148,
34,NPI,National Provider Identifier,http://hl7.org/fhir/sid/us-npi,http://hl7.org/fhir/sid/us-npi,PCP65148,
35,NPI,National Provider Identifier,http://hl7.org/fhir/sid/us-npi,http://hl7.org/fhir/sid/us-npi,221302,
36,NPI,National Provider Identifier,http://hl7.org/fhir/sid/us-npi,http://hl7.org/fhir/sid/us-npi,PCP198892,
37,NPI,National Provider Identifier,http://hl7.org/fhir/sid/us-npi,http://hl7.org/fhir/sid/us-npi,PCP198892,
38,NPI,National Provider Identifier,http://hl7.org/fhir/sid/us-npi,http://hl7.org/fhir/sid/us-npi,PCP198892,
39,NPI,National Provider Identifier,http://hl7.org/fhir/sid/us-npi,http://hl7.org/fhir/sid/us-npi,PCP198892,
40,NPI,National Provider Identifier,http://hl7.org/fhir/sid/us-npi,http://hl7.org/fhir/sid/us-npi,PCP198892,
41,NPI,National Provider Identifier,http://hl7.org/fhir/sid/us-npi,http://hl7.org/fhir/sid/us-npi,PCP198892,
42,NPI,National Provider Identifier,http://hl7.org/fhir/sid/us-npi,http://hl7.org/fhir/sid/us-npi,PCP198892,
43,NPI,National Provider Identifier,http://hl7.org/fhir/sid/us-npi,http://hl7.org/fhir/sid/us-npi,PCP198892,
44,NPI,National Provider Identifier,http://hl7.org/fhir/sid/us-npi,http://hl7.org/fhir/sid/us-npi,PCP198892,
45,NPI,National Provider Identifier,http://hl7.org/fhir/sid/us-npi,http://hl7.org/fhir/sid/us-npi,PCP198892,
46,NPI,National Provider Identifier,http://hl7.org/fhir/sid/us-npi,http://hl7.org/fhir/sid/us-npi,PCP198892,
47,NPI,National Provider Identifier,http://hl7.org/fhir/sid/us-npi,http://hl7.org/fhir/sid/us-npi,PCP198892,
48,NPI,National Provider Identifier,http://hl7.org/fhir/sid/us-npi,http://hl7.org/fhir/sid/us-npi,PCP198892,
49,NPI,National Provider Identifier,http://hl7.org/fhir/sid/us-npi,http://hl7.org/fhir/sid/us-npi,PCP198892,
50,NPI,National Provider Identifier,http://hl7.org/fhir/sid/us-npi,http://hl7.org/fhir/sid/us-npi,PCP198892,
51,NPI,National Provider Identifier,http://hl7.org/fhir/sid/us-npi,http://hl7.org/fhir/sid/us-npi,220065,
52,NPI,National Provider Identifier,http://hl7.org/fhir/sid/us-npi,http://hl7.org/fhir/sid/us-npi,220105,
53,NPI,National Provider Identifier,http://hl7.org/fhir/sid/us-npi,http://hl7.org/fhir/sid/us-npi,220105,
54,NPI,National Provider Identifier,http://hl7.org/fhir/sid/us-npi,http://hl7.org/fhir/sid/us-npi,220105,
55,NPI,National Provider Identifier,http://hl7.org/fhir/sid/us-npi,http://hl7.org/fhir/sid/us-npi,PCP167881,
56,NPI,National Provider Identifier,http://hl7.org/fhir/sid/us-npi,http://hl7.org/fhir/sid/us-npi,PCP167881,
57,NPI,National Provider Identifier,http://hl7.org/fhir/sid/us-npi,http://hl7.org/fhir/sid/us-npi,PCP167881,
58,NPI,National Provider Identifier,http://hl7.org/fhir/sid/us-npi,http://hl7.org/fhir/sid/us-npi,PCP167881,
59,NPI,National Provider Identifier,http://hl7.org/fhir/sid/us-npi,http://hl7.org/fhir/sid/us-npi,PCP167881,
60,NPI,National Provider Identifier,http://hl7.org/fhir/sid/us-npi,http://hl7.org/fhir/sid/us-npi,PCP167881,
61,NPI,National Provider Identifier,http://hl7.org/fhir/sid/us-npi,http://hl7.org/fhir/sid/us-npi,220105,
62,NPI,National Provider Identifier,http://hl7.org/fhir/sid/us-npi,http://hl7.org/fhir/sid/us-npi,220105,
63,NPI,National Provider Identifier,http://hl7.org/fhir/sid/us-npi,http://hl7.org/fhir/sid/us-npi,220105,
64,NPI,National Provider Identifier,http://hl7.org/fhir/sid/us-npi,http://hl7.org/fhir/sid/us-npi,220105,
65,NPI,National Provider Identifier,http://hl7.org/fhir/sid/us-npi,http://hl7.org/fhir/sid/us-npi,220105,
66,NPI,National Provider Identifier,http://hl7.org/fhir/sid/us-npi,http://hl7.org/fhir/sid/us-npi,220105,
67,NPI,National Provider Identifier,http://hl7.org/fhir/sid/us-npi,http://hl7.org/fhir/sid/us-npi,220105,
68,NPI,National Provider Identifier,http://hl7.org/fhir/sid/us-npi,http://hl7.org/fhir/sid/us-npi,220105,
69,NPI,National Provider Identifier,http://hl7.org/fhir/sid/us-npi,http://hl7.org/fhir/sid/us-npi,220105,
70,NPI,National Provider Identifier,http://hl7.org/fhir/sid/us-npi,http://hl7.org/fhir/sid/us-npi,220105,
71,NPI,National Provider Identifier,http://hl7.org/fhir/sid/us-npi,http://hl7.org/fhir/sid/us-npi,PCP167881,
72,NPI,National Provider Identifier,http://hl7.org/fhir/sid/us-npi,http://hl7.org/fhir/sid/us-npi,220035,
73,NPI,National Provider Identifier,http://hl7.org/fhir/sid/us-npi,http://hl7.org/fhir/sid/us-npi,220035,
74,NPI,National Provider Identifier,http://hl7.org/fhir/sid/us-npi,http://hl7.org/fhir/sid/us-npi,220035,
75,NPI,National Provider Identifier,http://hl7.org/fhir/sid/us-npi,http://hl7.org/fhir/sid/us-npi,220035,
76,NPI,National Provider Identifier,http://hl7.org/fhir/sid/us-npi,http://hl7.org/fhir/sid/us-npi,220035,
77,NPI,National Provider Identifier,http://hl7.org/fhir/sid/us-npi,http://hl7.org/fhir/sid/us-npi,220035,
78,NPI,National Provider Identifier,http://hl7.org/fhir/sid/us-npi,http://hl7.org/fhir/sid/us-npi,220100,
79,NPI,National Provider Identifier,http://hl7.org/fhir/sid/us-npi,http://hl7.org/fhir/sid/us-npi,220063,
80,NPI,National Provider Identifier,http://hl7.org/fhir/sid/us-npi,http://hl7.org/fhir/sid/us-npi,PCP24341,
81,NPI,National Provider Identifier,http://hl7.org/fhir/sid/us-npi,http://hl7.org/fhir/sid/us-npi,220063,
82,NPI,National Provider Identifier,http://hl7.org/fhir/sid/us-npi,http://hl7.org/fhir/sid/us-npi,220063,
83,NPI,National Provider Identifier,http://hl7.org/fhir/sid/us-npi,http://hl7.org/fhir/sid/us-npi,220063,
84,NPI,National Provider Identifier,http://hl7.org/fhir/sid/us-npi,http://hl7.org/fhir/sid/us-npi,220063,
85,NPI,National Provider Identifier,http://hl7.org/fhir/sid/us-npi,http://hl7.org/fhir/sid/us-npi,PCP24341,
86,NPI,National Provider Identifier,http://hl7.org/fhir/sid/us-npi,http://hl7.org/fhir/sid/us-npi,220063,
87,NPI,National Provider Identifier,http://hl7.org/fhir/sid/us-npi,http://hl7.org/fhir/sid/us-npi,PCP24341,
88,NPI,National Provider Identifier,http://hl7.org/fhir/sid/us-npi,http://hl7.org/fhir/sid/us-npi,220063,
89,NPI,National Provider Identifier,http://hl7.org/fhir/sid/us-npi,http://hl7.org/fhir/sid/us-npi,PCP24341,
90,NPI,National Provider Identifier,http://hl7.org/fhir/sid/us-npi,http://hl7.org/fhir/sid/us-npi,220063,
91,NPI,National Provider Identifier,http://hl7.org/fhir/sid/us-npi,http://hl7.org/fhir/sid/us-npi,PCP24341,
92,NPI,National Provider Identifier,http://hl7.org/fhir/sid/us-npi,http://hl7.org/fhir/sid/us-npi,PCP24341,
93,NPI,National Provider Identifier,http://hl7.org/fhir/sid/us-npi,http://hl7.org/fhir/sid/us-npi,PCP24341,
94,NPI,National Provider Identifier,http://hl7.org/fhir/sid/us-npi,http://hl7.org/fhir/sid/us-npi,PCP24341,
95,NPI,National Provider Identifier,http://hl7.org/fhir/sid/us-npi,http://hl7.org/fhir/sid/us-npi,PCP24341,
96,NPI,National Provider Identifier,http://hl7.org/fhir/sid/us-npi,http://hl7.org/fhir/sid/us-npi,PCP24341,
97,NPI,National Provider Identifier,http://hl7.org/fhir/sid/us-npi,http://hl7.org/fhir/sid/us-npi,220063,
98,NPI,National Provider Identifier,http://hl7.org/fhir/sid/us-npi,http://hl7.org/fhir/sid/us-npi,PCP24341,
99,NPI,National Provider Identifier,http://hl7.org/fhir/sid/us-npi,http://hl7.org/fhir/sid/us-npi,PCP24341,
100,NPI,National Provider Identifier,http://hl7.org/fhir/sid/us-npi,http://hl7.org/fhir/sid/us-npi,PCP24341,
101,NPI,National Provider Identifier,http://hl7.org/fhir/sid/us-npi,http://hl7.org/fhir/sid/us-npi,220063,
102,NPI,National Provider Identifier,http://hl7.org/fhir/sid/us-npi,http://hl7.org/fhir/sid/us-npi,PCP24341,
103,NPI,National Provider Identifier,http://hl7.org/fhir/sid/us-npi,http://hl7.org/fhir/sid/us-npi,PCP24341,
104,NPI,National Provider Identifier,http://hl7.org/fhir/sid/us-npi,http://hl7.org/fhir/sid/us-npi,PCP24341,
105,NPI,National Provider Identifier,http://hl7.org/fhir/sid/us-npi,http://hl7.org/fhir/sid/us-npi,PCP245785,
106,NPI,National Provider Identifier,http://hl7.org/fhir/sid/us-npi,http://hl7.org/fhir/sid/us-npi,PCP245785,
107,NPI,National Provider Identifier,http://hl7.org/fhir/sid/us-npi,http://hl7.org/fhir/sid/us-npi,PCP245785,
108,NPI,National Provider Identifier,http://hl7.org/fhir/sid/us-npi,http://hl7.org/fhir/sid/us-npi,PCP245785,
109,NPI,National Provider Identifier,http://hl7.org/fhir/sid/us-npi,http://hl7.org/fhir/sid/us-npi,PCP245785,
110,NPI,National Provider Identifier,http://hl7.org/fhir/sid/us-npi,http://hl7.org/fhir/sid/us-npi,PCP245785,
111,NPI,National Provider Identifier,http://hl7.org/fhir/sid/us-npi,http://hl7.org/fhir/sid/us-npi,PCP112182,
112,NPI,National Provider Identifier,http://hl7.org/fhir/sid/us-npi,http://hl7.org/fhir/sid/us-npi,PCP112182,
113,NPI,National Provider Identifier,http://hl7.org/fhir/sid/us-npi,http://hl7.org/fhir/sid/us-npi,PCP112182,
114,NPI,National Provider Identifier,http://hl7.org/fhir/sid/us-npi,http://hl7.org/fhir/sid/us-npi,PCP112182,
115,NPI,National Provider Identifier,http://hl7.org/fhir/sid/us-npi,http://hl7.org/fhir/sid/us-npi,PCP112182,
116,NPI,National Provider Identifier,http://hl7.org/fhir/sid/us-npi,http://hl7.org/fhir/sid/us-npi,PCP112182,
117,NPI,National Provider Identifier,http://hl7.org/fhir/sid/us-npi,http://hl7.org/fhir/sid/us-npi,220052,
118,NPI,National Provider Identifier,http://hl7.org/fhir/sid/us-npi,http://hl7.org/fhir/sid/us-npi,PCP67662,
119,NPI,National Provider Identifier,http://hl7.org/fhir/sid/us-npi,http://hl7.org/fhir/sid/us-npi,PCP67662,
120,NPI,National Provider Identifier,http://hl7.org/fhir/sid/us-npi,http://hl7.org/fhir/sid/us-npi,220052,
121,NPI,National Provider Identifier,http://hl7.org/fhir/sid/us-npi,http://hl7.org/fhir/sid/us-npi,PCP67662,
122,NPI,National Provider Identifier,http://hl7.org/fhir/sid/us-npi,http://hl7.org/fhir/sid/us-npi,PCP67662,
123,NPI,National Provider Identifier,http://hl7.org/fhir/sid/us-npi,http://hl7.org/fhir/sid/us-npi,220052,
124,NPI,National Provider Identifier,http://hl7.org/fhir/sid/us-npi,http://hl7.org/fhir/sid/us-npi,PCP67662,
125,NPI,National Provider Identifier,http://hl7.org/fhir/sid/us-npi,http://hl7.org/fhir/sid/us-npi,PCP67662,
126,NPI,National Provider Identifier,http://hl7.org/fhir/sid/us-npi,http://hl7.org/fhir/sid/us-npi,220052,
127,NPI,National Provider Identifier,http://hl7.org/fhir/sid/us-npi,http://hl7.org/fhir/sid/us-npi,PCP67662,
128,NPI,National Provider Identifier,http://hl7.org/fhir/sid/us-npi,http://hl7.org/fhir/sid/us-npi,PCP67662,
129,NPI,National Provider Identifier,http://hl7.org/fhir/sid/us-npi,http://hl7.org/fhir/sid/us-npi,220052,
130,NPI,National Provider Identifier,http://hl7.org/fhir/sid/us-npi,http://hl7.org/fhir/sid/us-npi,220052,
131,NPI,National Provider Identifier,http://hl7.org/fhir/sid/us-npi,http://hl7.org/fhir/sid/us-npi,PCP67662,
132,NPI,National Provider Identifier,http://hl7.org/fhir/sid/us-npi,http://hl7.org/fhir/sid/us-npi,PCP67662,
133,NPI,National Provider Identifier,http://hl7.org/fhir/sid/us-npi,http://hl7.org/fhir/sid/us-npi,220052,
134,NPI,National Provider Identifier,http://hl7.org/fhir/sid/us-npi,http://hl7.org/fhir/sid/us-npi,PCP67662,
135,NPI,National Provider Identifier,http://hl7.org/fhir/sid/us-npi,http://hl7.org/fhir/sid/us-npi,PCP67662,
136,NPI,National Provider Identifier,http://hl7.org/fhir/sid/us-npi,http://hl7.org/fhir/sid/us-npi,220052,
137,NPI,National Provider Identifier,http://hl7.org/fhir/sid/us-npi,http://hl7.org/fhir/sid/us-npi,PCP67662,
138,NPI,National Provider Identifier,http://hl7.org/fhir/sid/us-npi,http://hl7.org/fhir/sid/us-npi,PCP67662,
139,NPI,National Provider Identifier,http://hl7.org/fhir/sid/us-npi,http://hl7.org/fhir/sid/us-npi,220052,
140,NPI,National Provider Identifier,http://hl7.org/fhir/sid/us-npi,http://hl7.org/fhir/sid/us-npi,220052,
141,NPI,National Provider Identifier,http://hl7.org/fhir/sid/us-npi,http://hl7.org/fhir/sid/us-npi,220052,
142,NPI,National Provider Identifier,http://hl7.org/fhir/sid/us-npi,http://hl7.org/fhir/sid/us-npi,PCP11906,
143,NPI,National Provider Identifier,http://hl7.org/fhir/sid/us-npi,http://hl7.org/fhir/sid/us-npi,PCP11906,
144,NPI,National Provider Identifier,http://hl7.org/fhir/sid/us-npi,http://hl7.org/fhir/sid/us-npi,PCP11906,
145,NPI,National Provider Identifier,http://hl7.org/fhir/sid/us-npi,http://hl7.org/fhir/sid/us-npi,220011,
146,NPI,National Provider Identifier,http://hl7.org/fhir/sid/us-npi,http://hl7.org/fhir/sid/us-npi,220002,
147,NPI,National Provider Identifier,http://hl7.org/fhir/sid/us-npi,http://hl7.org/fhir/sid/us-npi,220011,
148,NPI,National Provider Identifier,http://hl7.org/fhir/sid/us-npi,http://hl7.org/fhir/sid/us-npi,220011,
149,NPI,National Provider Identifier,http://hl7.org/fhir/sid/us-npi,http://hl7.org/fhir/sid/us-npi,220011,
150,NPI,National Provider Identifier,http://hl7.org/fhir/sid/us-npi,http://hl7.org/fhir/sid/us-npi,PCP11906,
151,NPI,National Provider Identifier,http://hl7.org/fhir/sid/us-npi,http://hl7.org/fhir/sid/us-npi,PCP11906,
152,NPI,National Provider Identifier,http://hl7.org/fhir/sid/us-npi,http://hl7.org/fhir/sid/us-npi,PCP11906,
153,NPI,National Provider Identifier,http://hl7.org/fhir/sid/us-npi,http://hl7.org/fhir/sid/us-npi,220002,
154,NPI,National Provider Identifier,http://hl7.org/fhir/sid/us-npi,http://hl7.org/fhir/sid/us-npi,PCP11906,
155,NPI,National Provider Identifier,http://hl7.org/fhir/sid/us-npi,http://hl7.org/fhir/sid/us-npi,PCP11906,
156,NPI,National Provider Identifier,http://hl7.org/fhir/sid/us-npi,http://hl7.org/fhir/sid/us-npi,PCP11906,
157,NPI,National Provider Identifier,http://hl7.org/fhir/sid/us-npi,http://hl7.org/fhir/sid/us-npi,PCP11906,
158,NPI,National Provider Identifier,http://hl7.org/fhir/sid/us-npi,http://hl7.org/fhir/sid/us-npi,PCP11906,
159,NPI,National Provider Identifier,http://hl7.org/fhir/sid/us-npi,http://hl7.org/fhir/sid/us-npi,PCP11906,
160,NPI,National Provider Identifier,http://hl7.org/fhir/sid/us-npi,http://hl7.org/fhir/sid/us-npi,PCP11906,
161,NPI,National Provider Identifier,http://hl7.org/fhir/sid/us-npi,http://hl7.org/fhir/sid/us-npi,PCP11906,
162,NPI,National Provider Identifier,http://hl7.org/fhir/sid/us-npi,http://hl7.org/fhir/sid/us-npi,PCP11906,
163,NPI,National Provider Identifier,http://hl7.org/fhir/sid/us-npi,http://hl7.org/fhir/sid/us-npi,PCP11906,
164,NPI,National Provider Identifier,http://hl7.org/fhir/sid/us-npi,http://hl7.org/fhir/sid/us-npi,PCP11906,
165,NPI,National Provider Identifier,http://hl7.org/fhir/sid/us-npi,http://hl7.org/fhir/sid/us-npi,PCP11906,
166,NPI,National Provider Identifier,http://hl7.org/fhir/sid/us-npi,http://hl7.org/fhir/sid/us-npi,PCP11906,
167,NPI,National Provider Identifier,http://hl7.org/fhir/sid/us-npi,http://hl7.org/fhir/sid/us-npi,PCP11906,
168,NPI,National Provider Identifier,http://hl7.org/fhir/sid/us-npi,http://hl7.org/fhir/sid/us-npi,PCP11906,
169,NPI,National Provider Identifier,http://hl7.org/fhir/sid/us-npi,http://hl7.org/fhir/sid/us-npi,PCP11906,
170,NPI,National Provider Identifier,http://hl7.org/fhir/sid/us-npi,http://hl7.org/fhir/sid/us-npi,PCP11906,
171,NPI,National Provider Identifier,http://hl7.org/fhir/sid/us-npi,http://hl7.org/fhir/sid/us-npi,PCP11906,
172,NPI,National Provider Identifier,http://hl7.org/fhir/sid/us-npi,http://hl7.org/fhir/sid/us-npi,PCP11906,
173,NPI,National Provider Identifier,http://hl7.org/fhir/sid/us-npi,http://hl7.org/fhir/sid/us-npi,PCP11906,
174,NPI,National Provider Identifier,http://hl7.org/fhir/sid/us-npi,http://hl7.org/fhir/sid/us-npi,PCP11906,
175,NPI,National Provider Identifier,http://hl7.org/fhir/sid/us-npi,http://hl7.org/fhir/sid/us-npi,PCP174782,
176,NPI,National Provider Identifier,http://hl7.org/fhir/sid/us-npi,http://hl7.org/fhir/sid/us-npi,PCP174782,
177,NPI,National Provider Identifier,http://hl7.org/fhir/sid/us-npi,http://hl7.org/fhir/sid/us-npi,PCP174782,
178,NPI,National Provider Identifier,http://hl7.org/fhir/sid/us-npi,http://hl7.org/fhir/sid/us-npi,PCP174782,
179,NPI,National Provider Identifier,http://hl7.org/fhir/sid/us-npi,http://hl7.org/fhir/sid/us-npi,PCP174782,
180,NPI,National Provider Identifier,http://hl7.org/fhir/sid/us-npi,http://hl7.org/fhir/sid/us-npi,PCP174782,
181,NPI,National Provider Identifier,http://hl7.org/fhir/sid/us-npi,http://hl7.org/fhir/sid/us-npi,PCP174782,
182,NPI,National Provider Identifier,http://hl7.org/fhir/sid/us-npi,http://hl7.org/fhir/sid/us-npi,PCP174782,
183,NPI,National Provider Identifier,http://hl7.org/fhir/sid/us-npi,http://hl7.org/fhir/sid/us-npi,PCP174782,
184,NPI,National Provider Identifier,http://hl7.org/fhir/sid/us-npi,http://hl7.org/fhir/sid/us-npi,PCP174782,
185,NPI,National Provider Identifier,http://hl7.org/fhir/sid/us-npi,http://hl7.org/fhir/sid/us-npi,PCP174782,
186,NPI,National Provider Identifier,http://hl7.org/fhir/sid/us-npi,http://hl7.org/fhir/sid/us-npi,PCP174782,
187,NPI,National Provider Identifier,http://hl7.org/fhir/sid/us-npi,http://hl7.org/fhir/sid/us-npi,220060,
188,NPI,National Provider Identifier,http://hl7.org/fhir/sid/us-npi,http://hl7.org/fhir/sid/us-npi,220060,
189,NPI,National Provider Identifier,http://hl7.org/fhir/sid/us-npi,http://hl7.org/fhir/sid/us-npi,220060,
190,NPI,National Provider Identifier,http://hl7.org/fhir/sid/us-npi,http://hl7.org/fhir/sid/us-npi,220060,
191,NPI,National Provider Identifier,http://hl7.org/fhir/sid/us-npi,http://hl7.org/fhir/sid/us-npi,220060,
192,NPI,National Provider Identifier,http://hl7.org/fhir/sid/us-npi,http://hl7.org/fhir/sid/us-npi,220060,
193,NPI,National Provider Identifier,http://hl7.org/fhir/sid/us-npi,http://hl7.org/fhir/sid/us-npi,PCP23079,
194,NPI,National Provider Identifier,http://hl7.org/fhir/sid/us-npi,http://hl7.org/fhir/sid/us-npi,PCP23079,
195,NPI,National Provider Identifier,http://hl7.org/fhir/sid/us-npi,http://hl7.org/fhir/sid/us-npi,PCP23079,
196,NPI,National Provider Identifier,http://hl7.org/fhir/sid/us-npi,http://hl7.org/fhir/sid/us-npi,PCP23079,
197,NPI,National Provider Identifier,http://hl7.org/fhir/sid/us-npi,http://hl7.org/fhir/sid/us-npi,PCP23079,
198,NPI,National Provider Identifier,http://hl7.org/fhir/sid/us-npi,http://hl7.org/fhir/sid/us-npi,PCP23079,
199,NPI,National Provider Identifier,http://hl7.org/fhir/sid/us-npi,http://hl7.org/fhir/sid/us-npi,PCP23079,
200,NPI,National Provider Identifier,http://hl7.org/fhir/sid/us-npi,http://hl7.org/fhir/sid/us-npi,PCP23079,
201,NPI,National Provider Identifier,http://hl7.org/fhir/sid/us-npi,http://hl7.org/fhir/sid/us-npi,PCP23079,
202,NPI,National Provider Identifier,http://hl7.org/fhir/sid/us-npi,http://hl7.org/fhir/sid/us-npi,PCP23079,
203,NPI,National Provider Identifier,http://hl7.org/fhir/sid/us-npi,http://hl7.org/fhir/sid/us-npi,PCP23079,
204,NPI,National Provider Identifier,http://hl7.org/fhir/sid/us-npi,http://hl7.org/fhir/sid/us-npi,PCP23079,
205,NPI,National Provider Identifier,http://hl7.org/fhir/sid/us-npi,http://hl7.org/fhir/sid/us-npi,PCP23079,
206,NPI,National Provider Identifier,http://hl7.org/fhir/sid/us-npi,http://hl7.org/fhir/sid/us-npi,PCP23079,
207,NPI,National Provider Identifier,http://hl7.org/fhir/sid/us-npi,http://hl7.org/fhir/sid/us-npi,PCP23079,
208,NPI,National Provider Identifier,http://hl7.org/fhir/sid/us-npi,http://hl7.org/fhir/sid/us-npi,PCP23079,
209,NPI,National Provider Identifier,http://hl7.org/fhir/sid/us-npi,http://hl7.org/fhir/sid/us-npi,PCP23079,
210,NPI,National Provider Identifier,http://hl7.org/fhir/sid/us-npi,http://hl7.org/fhir/sid/us-npi,PCP23079,
211,NPI,National Provider Identifier,http://hl7.org/fhir/sid/us-npi,http://hl7.org/fhir/sid/us-npi,PCP23079,
212,NPI,National Provider Identifier,http://hl7.org/fhir/sid/us-npi,http://hl7.org/fhir/sid/us-npi,PCP23079,
213,NPI,National Provider Identifier,http://hl7.org/fhir/sid/us-npi,http://hl7.org/fhir/sid/us-npi,PCP23079,
214,NPI,National Provider Identifier,http://hl7.org/fhir/sid/us-npi,http://hl7.org/fhir/sid/us-npi,PCP23079,
215,NPI,National Provider Identifier,http://hl7.org/fhir/sid/us-npi,http://hl7.org/fhir/sid/us-npi,PCP23079,
216,NPI,National Provider Identifier,http://hl7.org/fhir/sid/us-npi,http://hl7.org/fhir/sid/us-npi,PCP23079,
217,NPI,National Provider Identifier,http://hl7.org/fhir/sid/us-npi,http://hl7.org/fhir/sid/us-npi,PCP23079,
218,NPI,National Provider Identifier,http://hl7.org/fhir/sid/us-npi,http://hl7.org/fhir/sid/us-npi,PCP23079,
219,NPI,National Provider Identifier,http://hl7.org/fhir/sid/us-npi,http://hl7.org/fhir/sid/us-npi,PCP23079,
220,NPI,National Provider Identifier,http://hl7.org/fhir/sid/us-npi,http://hl7.org/fhir/sid/us-npi,PCP23079,
221,NPI,National Provider Identifier,http://hl7.org/fhir/sid/us-npi,http://hl7.org/fhir/sid/us-npi,PCP23079,
222,NPI,National Provider Identifier,http://hl7.org/fhir/sid/us-npi,http://hl7.org/fhir/sid/us-npi,PCP23079,
223,NPI,National Provider Identifier,http://hl7.org/fhir/sid/us-npi,http://hl7.org/fhir/sid/us-npi,PCP23079,
224,NPI,National Provider Identifier,http://hl7.org/fhir/sid/us-npi,http://hl7.org/fhir/sid/us-npi,PCP23079,
225,NPI,National Provider Identifier,http://hl7.org/fhir/sid/us-npi,http://hl7.org/fhir/sid/us-npi,PCP23079,
226,NPI,National Provider Identifier,http://hl7.org/fhir/sid/us-npi,http://hl7.org/fhir/sid/us-npi,PCP23079,
227,NPI,National Provider Identifier,http://hl7.org/fhir/sid/us-npi,http://hl7.org/fhir/sid/us-npi,PCP23079,
228,NPI,National Provider Identifier,http://hl7.org/fhir/sid/us-npi,http://hl7.org/fhir/sid/us-npi,PCP23079,
229,NPI,National Provider Identifier,http://hl7.org/fhir/sid/us-npi,http://hl7.org/fhir/sid/us-npi,PCP23079,
230,NPI,National Provider Identifier,http://hl7.org/fhir/sid/us-npi,http://hl7.org/fhir/sid/us-npi,PCP23079,
231,NPI,National Provider Identifier,http://hl7.org/fhir/sid/us-npi,http://hl7.org/fhir/sid/us-npi,PCP23079,
232,NPI,National Provider Identifier,http://hl7.org/fhir/sid/us-npi,http://hl7.org/fhir/sid/us-npi,PCP23079,
233,NPI,National Provider Identifier,http://hl7.org/fhir/sid/us-npi,http://hl7.org/fhir/sid/us-npi,PCP23079,
234,NPI,National Provider Identifier,http://hl7.org/fhir/sid/us-npi,http://hl7.org/fhir/sid/us-npi,PCP23079,
235,NPI,National Provider Identifier,http://hl7.org/fhir/sid/us-npi,http://hl7.org/fhir/sid/us-npi,PCP23079,
236,NPI,National Provider Identifier,http://hl7.org/fhir/sid/us-npi,http://hl7.org/fhir/sid/us-npi,PCP23079,
237,NPI,National Provider Identifier,http://hl7.org/fhir/sid/us-npi,http://hl7.org/fhir/sid/us-npi,PCP23079,
238,NPI,National Provider Identifier,http://hl7.org/fhir/sid/us-npi,http://hl7.org/fhir/sid/us-npi,PCP23079,
239,NPI,National Provider Identifier,http://hl7.org/fhir/sid/us-npi,http://hl7.org/fhir/sid/us-npi,PCP23079,
240,NPI,National Provider Identifier,http://hl7.org/fhir/sid/us-npi,http://hl7.org/fhir/sid/us-npi,PCP23079,
241,NPI,National Provider Identifier,http://hl7.org/fhir/sid/us-npi,http://hl7.org/fhir/sid/us-npi,PCP23079,
242,NPI,National Provider Identifier,http://hl7.org/fhir/sid/us-npi,http://hl7.org/fhir/sid/us-npi,PCP23079,
243,NPI,National Provider Identifier,http://hl7.org/fhir/sid/us-npi,http://hl7.org/fhir/sid/us-npi,PCP23079,
244,NPI,National Provider Identifier,http://hl7.org/fhir/sid/us-npi,http://hl7.org/fhir/sid/us-npi,PCP23079,
245,NPI,National Provider Identifier,http://hl7.org/fhir/sid/us-npi,http://hl7.org/fhir/sid/us-npi,PCP23079,
246,NPI,National Provider Identifier,http://hl7.org/fhir/sid/us-npi,http://hl7.org/fhir/sid/us-npi,PCP23079,
247,NPI,National Provider Identifier,http://hl7.org/fhir/sid/us-npi,http://hl7.org/fhir/sid/us-npi,PCP23079,
248,NPI,National Provider Identifier,http://hl7.org/fhir/sid/us-npi,http://hl7.org/fhir/sid/us-npi,PCP23079,
249,NPI,National Provider Identifier,http://hl7.org/fhir/sid/us-npi,http://hl7.org/fhir/sid/us-npi,PCP23079,
250,NPI,National Provider Identifier,http://hl7.org/fhir/sid/us-npi,http://hl7.org/fhir/sid/us-npi,PCP23079,
251,NPI,National Provider Identifier,http://hl7.org/fhir/sid/us-npi,http://hl7.org/fhir/sid/us-npi,PCP23079,
252,NPI,National Provider Identifier,http://hl7.org/fhir/sid/us-npi,http://hl7.org/fhir/sid/us-npi,PCP23079,
253,NPI,National Provider Identifier,http://hl7.org/fhir/sid/us-npi,http://hl7.org/fhir/sid/us-npi,PCP23079,
254,NPI,National Provider Identifier,http://hl7.org/fhir/sid/us-npi,http://hl7.org/fhir/sid/us-npi,PCP23079,
255,NPI,National Provider Identifier,http://hl7.org/fhir/sid/us-npi,http://hl7.org/fhir/sid/us-npi,PCP23079,
256,NPI,National Provider Identifier,http://hl7.org/fhir/sid/us-npi,http://hl7.org/fhir/sid/us-npi,PCP23079,
257,NPI,National Provider Identifier,http://hl7.org/fhir/sid/us-npi,http://hl7.org/fhir/sid/us-npi,PCP23079,
258,NPI,National Provider Identifier,http://hl7.org/fhir/sid/us-npi,http://hl7.org/fhir/sid/us-npi,PCP23079,
259,NPI,National Provider Identifier,http://hl7.org/fhir/sid/us-npi,http://hl7.org/fhir/sid/us-npi,220066,
260,NPI,National Provider Identifier,http://hl7.org/fhir/sid/us-npi,http://hl7.org/fhir/sid/us-npi,220066,
261,NPI,National Provider Identifier,http://hl7.org/fhir/sid/us-npi,http://hl7.org/fhir/sid/us-npi,220066,
262,NPI,National Provider Identifier,http://hl7.org/fhir/sid/us-npi,http://hl7.org/fhir/sid/us-npi,220066,
263,NPI,National Provider Identifier,http://hl7.org/fhir/sid/us-npi,http://hl7.org/fhir/sid/us-npi,220066,
264,NPI,National Provider Identifier,http://hl7.org/fhir/sid/us-npi,http://hl7.org/fhir/sid/us-npi,220066,
265,NPI,National Provider Identifier,http://hl7.org/fhir/sid/us-npi,http://hl7.org/fhir/sid/us-npi,PCP75555,
266,NPI,National Provider Identifier,http://hl7.org/fhir/sid/us-npi,http://hl7.org/fhir/sid/us-npi,PCP75555,
267,NPI,National Provider Identifier,http://hl7.org/fhir/sid/us-npi,http://hl7.org/fhir/sid/us-npi,220066,
268,NPI,National Provider Identifier,http://hl7.org/fhir/sid/us-npi,http://hl7.org/fhir/sid/us-npi,PCP75555,
269,NPI,National Provider Identifier,http://hl7.org/fhir/sid/us-npi,http://hl7.org/fhir/sid/us-npi,PCP75555,
270,NPI,National Provider Identifier,http://hl7.org/fhir/sid/us-npi,http://hl7.org/fhir/sid/us-npi,220066,
271,NPI,National Provider Identifier,http://hl7.org/fhir/sid/us-npi,http://hl7.org/fhir/sid/us-npi,220066,
272,NPI,National Provider Identifier,http://hl7.org/fhir/sid/us-npi,http://hl7.org/fhir/sid/us-npi,PCP75555,
273,NPI,National Provider Identifier,http://hl7.org/fhir/sid/us-npi,http://hl7.org/fhir/sid/us-npi,PCP75555,
274,NPI,National Provider Identifier,http://hl7.org/fhir/sid/us-npi,http://hl7.org/fhir/sid/us-npi,220066,
275,NPI,National Provider Identifier,http://hl7.org/fhir/sid/us-npi,http://hl7.org/fhir/sid/us-npi,PCP75555,
276,NPI,National Provider Identifier,http://hl7.org/fhir/sid/us-npi,http://hl7.org/fhir/sid/us-npi,PCP75555,
277,NPI,National Provider Identifier,http://hl7.org/fhir/sid/us-npi,http://hl7.org/fhir/sid/us-npi,220066,
278,NPI,National Provider Identifier,http://hl7.org/fhir/sid/us-npi,http://hl7.org/fhir/sid/us-npi,PCP75555,
279,NPI,National Provider Identifier,http://hl7.org/fhir/sid/us-npi,http://hl7.org/fhir/sid/us-npi,PCP75555,
280,NPI,National Provider Identifier,http://hl7.org/fhir/sid/us-npi,http://hl7.org/fhir/sid/us-npi,220066,
281,NPI,National Provider Identifier,http://hl7.org/fhir/sid/us-npi,http://hl7.org/fhir/sid/us-npi,220011,
282,NPI,National Provider Identifier,http://hl7.org/fhir/sid/us-npi,http://hl7.org/fhir/sid/us-npi,220002,
283,NPI,National Provider Identifier,http://hl7.org/fhir/sid/us-npi,http://hl7.org/fhir/sid/us-npi,220084,
284,NPI,National Provider Identifier,http://hl7.org/fhir/sid/us-npi,http://hl7.org/fhir/sid/us-npi,220163,
285,NPI,National Provider Identifier,http://hl7.org/fhir/sid/us-npi,http://hl7.org/fhir/sid/us-npi,PCP246839,
286,NPI,National Provider Identifier,http://hl7.org/fhir/sid/us-npi,http://hl7.org/fhir/sid/us-npi,PCP246839,
287,NPI,National Provider Identifier,http://hl7.org/fhir/sid/us-npi,http://hl7.org/fhir/sid/us-npi,PCP246839,
288,NPI,National Provider Identifier,http://hl7.org/fhir/sid/us-npi,http://hl7.org/fhir/sid/us-npi,PCP246839,
289,NPI,National Provider Identifier,http://hl7.org/fhir/sid/us-npi,http://hl7.org/fhir/sid/us-npi,220035,
290,NPI,National Provider Identifier,http://hl7.org/fhir/sid/us-npi,http://hl7.org/fhir/sid/us-npi,220035,
291,NPI,National Provider Identifier,http://hl7.org/fhir/sid/us-npi,http://hl7.org/fhir/sid/us-npi,220035,
292,NPI,National Provider Identifier,http://hl7.org/fhir/sid/us-npi,http://hl7.org/fhir/sid/us-npi,220035,
293,NPI,National Provider Identifier,http://hl7.org/fhir/sid/us-npi,http://hl7.org/fhir/sid/us-npi,PCP308523,
294,NPI,National Provider Identifier,http://hl7.org/fhir/sid/us-npi,http://hl7.org/fhir/sid/us-npi,220035,
295,NPI,National Provider Identifier,http://hl7.org/fhir/sid/us-npi,http://hl7.org/fhir/sid/us-npi,PCP308523,
296,NPI,National Provider Identifier,http://hl7.org/fhir/sid/us-npi,http://hl7.org/fhir/sid/us-npi,220035,
297,NPI,National Provider Identifier,http://hl7.org/fhir/sid/us-npi,http://hl7.org/fhir/sid/us-npi,PCP308523,
298,NPI,National Provider Identifier,http://hl7.org/fhir/sid/us-npi,http://hl7.org/fhir/sid/us-npi,220035,
299,NPI,National Provider Identifier,http://hl7.org/fhir/sid/us-npi,http://hl7.org/fhir/sid/us-npi,PCP308523,
300,NPI,National Provider Identifier,http://hl7.org/fhir/sid/us-npi,http://hl7.org/fhir/sid/us-npi,220035,
301,NPI,National Provider Identifier,http://hl7.org/fhir/sid/us-npi,http://hl7.org/fhir/sid/us-npi,220035,
302,NPI,National Provider Identifier,http://hl7.org/fhir/sid/us-npi,http://hl7.org/fhir/sid/us-npi,PCP308523,
303,NPI,National Provider Identifier,http://hl7.org/fhir/sid/us-npi,http://hl7.org/fhir/sid/us-npi,220035,
304,NPI,National Provider Identifier,http://hl7.org/fhir/sid/us-npi,http://hl7.org/fhir/sid/us-npi,PCP308523,
305,NPI,National Provider Identifier,http://hl7.org/fhir/sid/us-npi,http://hl7.org/fhir/sid/us-npi,221303,
306,NPI,National Provider Identifier,http://hl7.org/fhir/sid/us-npi,http://hl7.org/fhir/sid/us-npi,220101,
307,NPI,National Provider Identifier,http://hl7.org/fhir/sid/us-npi,http://hl7.org/fhir/sid/us-npi,220101,
308,NPI,National Provider Identifier,http://hl7.org/fhir/sid/us-npi,http://hl7.org/fhir/sid/us-npi,220080,
309,NPI,National Provider Identifier,http://hl7.org/fhir/sid/us-npi,http://hl7.org/fhir/sid/us-npi,220080,
310,NPI,National Provider Identifier,http://hl7.org/fhir/sid/us-npi,http://hl7.org/fhir/sid/us-npi,220080,
311,NPI,National Provider Identifier,http://hl7.org/fhir/sid/us-npi,http://hl7.org/fhir/sid/us-npi,220080,
312,NPI,National Provider Identifier,http://hl7.org/fhir/sid/us-npi,http://hl7.org/fhir/sid/us-npi,220080,
313,NPI,National Provider Identifier,http://hl7.org/fhir/sid/us-npi,http://hl7.org/fhir/sid/us-npi,220080,
314,NPI,National Provider Identifier,http://hl7.org/fhir/sid/us-npi,http://hl7.org/fhir/sid/us-npi,PCP231899,
315,NPI,National Provider Identifier,http://hl7.org/fhir/sid/us-npi,http://hl7.org/fhir/sid/us-npi,220080,
316,NPI,National Provider Identifier,http://hl7.org/fhir/sid/us-npi,http://hl7.org/fhir/sid/us-npi,PCP231899,
317,NPI,National Provider Identifier,http://hl7.org/fhir/sid/us-npi,http://hl7.org/fhir/sid/us-npi,220080,
318,NPI,National Provider Identifier,http://hl7.org/fhir/sid/us-npi,http://hl7.org/fhir/sid/us-npi,PCP231899,
319,NPI,National Provider Identifier,http://hl7.org/fhir/sid/us-npi,http://hl7.org/fhir/sid/us-npi,220080,
320,NPI,National Provider Identifier,http://hl7.org/fhir/sid/us-npi,http://hl7.org/fhir/sid/us-npi,220080,
321,NPI,National Provider Identifier,http://hl7.org/fhir/sid/us-npi,http://hl7.org/fhir/sid/us-npi,220066,
322,NPI,National Provider Identifier,http://hl7.org/fhir/sid/us-npi,http://hl7.org/fhir/sid/us-npi,220015,
323,NPI,National Provider Identifier,http://hl7.org/fhir/sid/us-npi,http://hl7.org/fhir/sid/us-npi,PCP259263,
324,NPI,National Provider Identifier,http://hl7.org/fhir/sid/us-npi,http://hl7.org/fhir/sid/us-npi,PCP259263,
325,NPI,National Provider Identifier,http://hl7.org/fhir/sid/us-npi,http://hl7.org/fhir/sid/us-npi,PCP259263,
326,NPI,National Provider Identifier,http://hl7.org/fhir/sid/us-npi,http://hl7.org/fhir/sid/us-npi,PCP259263,
327,NPI,National Provider Identifier,http://hl7.org/fhir/sid/us-npi,http://hl7.org/fhir/sid/us-npi,PCP259263,
328,NPI,National Provider Identifier,http://hl7.org/fhir/sid/us-npi,http://hl7.org/fhir/sid/us-npi,PCP259263,
329,NPI,National Provider Identifier,http://hl7.org/fhir/sid/us-npi,http://hl7.org/fhir/sid/us-npi,PCP259263,
330,NPI,National Provider Identifier,http://hl7.org/fhir/sid/us-npi,http://hl7.org/fhir/sid/us-npi,PCP259263,
331,NPI,National Provider Identifier,http://hl7.org/fhir/sid/us-npi,http://hl7.org/fhir/sid/us-npi,PCP259263,
332,NPI,National Provider Identifier,http://hl7.org/fhir/sid/us-npi,http://hl7.org/fhir/sid/us-npi,PCP259263,
333,NPI,National Provider Identifier,http://hl7.org/fhir/sid/us-npi,http://hl7.org/fhir/sid/us-npi,PCP259263,
334,NPI,National Provider Identifier,http://hl7.org/fhir/sid/us-npi,http://hl7.org/fhir/sid/us-npi,PCP259263,
335,NPI,National Provider Identifier,http://hl7.org/fhir/sid/us-npi,http://hl7.org/fhir/sid/us-npi,220101,
336,NPI,National Provider Identifier,http://hl7.org/fhir/sid/us-npi,http://hl7.org/fhir/sid/us-npi,220101,
337,NPI,National Provider Identifier,http://hl7.org/fhir/sid/us-npi,http://hl7.org/fhir/sid/us-npi,220101,
338,NPI,National Provider Identifier,http://hl7.org/fhir/sid/us-npi,http://hl7.org/fhir/sid/us-npi,220101,
339,NPI,National Provider Identifier,http://hl7.org/fhir/sid/us-npi,http://hl7.org/fhir/sid/us-npi,220101,
340,NPI,National Provider Identifier,http://hl7.org/fhir/sid/us-npi,http://hl7.org/fhir/sid/us-npi,220101,
341,NPI,National Provider Identifier,http://hl7.org/fhir/sid/us-npi,http://hl7.org/fhir/sid/us-npi,220101,
342,NPI,National Provider Identifier,http://hl7.org/fhir/sid/us-npi,http://hl7.org/fhir/sid/us-npi,220110,
343,NPI,National Provider Identifier,http://hl7.org/fhir/sid/us-npi,http://hl7.org/fhir/sid/us-npi,PCP42122,
344,NPI,National Provider Identifier,http://hl7.org/fhir/sid/us-npi,http://hl7.org/fhir/sid/us-npi,220110,
345,NPI,National Provider Identifier,http://hl7.org/fhir/sid/us-npi,http://hl7.org/fhir/sid/us-npi,220110,
346,NPI,National Provider Identifier,http://hl7.org/fhir/sid/us-npi,http://hl7.org/fhir/sid/us-npi,220110,
347,NPI,National Provider Identifier,http://hl7.org/fhir/sid/us-npi,http://hl7.org/fhir/sid/us-npi,220110,
348,NPI,National Provider Identifier,http://hl7.org/fhir/sid/us-npi,http://hl7.org/fhir/sid/us-npi,220110,
349,NPI,National Provider Identifier,http://hl7.org/fhir/sid/us-npi,http://hl7.org/fhir/sid/us-npi,220110,
350,NPI,National Provider Identifier,http://hl7.org/fhir/sid/us-npi,http://hl7.org/fhir/sid/us-npi,220110,
351,NPI,National Provider Identifier,http://hl7.org/fhir/sid/us-npi,http://hl7.org/fhir/sid/us-npi,PCP42122,
352,NPI,National Provider Identifier,http://hl7.org/fhir/sid/us-npi,http://hl7.org/fhir/sid/us-npi,220110,
353,NPI,National Provider Identifier,http://hl7.org/fhir/sid/us-npi,http://hl7.org/fhir/sid/us-npi,220110,
354,NPI,National Provider Identifier,http://hl7.org/fhir/sid/us-npi,http://hl7.org/fhir/sid/us-npi,220110,
355,NPI,National Provider Identifier,http://hl7.org/fhir/sid/us-npi,http://hl7.org/fhir/sid/us-npi,220110,
356,NPI,National Provider Identifier,http://hl7.org/fhir/sid/us-npi,http://hl7.org/fhir/sid/us-npi,220036,
357,NPI,National Provider Identifier,http://hl7.org/fhir/sid/us-npi,http://hl7.org/fhir/sid/us-npi,220110,
358,NPI,National Provider Identifier,http://hl7.org/fhir/sid/us-npi,http://hl7.org/fhir/sid/us-npi,PCP42122,
359,NPI,National Provider Identifier,http://hl7.org/fhir/sid/us-npi,http://hl7.org/fhir/sid/us-npi,220110,
360,NPI,National Provider Identifier,http://hl7.org/fhir/sid/us-npi,http://hl7.org/fhir/sid/us-npi,220110,
361,NPI,National Provider Identifier,http://hl7.org/fhir/sid/us-npi,http://hl7.org/fhir/sid/us-npi,220110,
362,NPI,National Provider Identifier,http://hl7.org/fhir/sid/us-npi,http://hl7.org/fhir/sid/us-npi,220110,
363,NPI,National Provider Identifier,http://hl7.org/fhir/sid/us-npi,http://hl7.org/fhir/sid/us-npi,220110,
364,NPI,National Provider Identifier,http://hl7.org/fhir/sid/us-npi,http://hl7.org/fhir/sid/us-npi,220110,
365,NPI,National Provider Identifier,http://hl7.org/fhir/sid/us-npi,http://hl7.org/fhir/sid/us-npi,220110,
366,NPI,National Provider Identifier,http://hl7.org/fhir/sid/us-npi,http://hl7.org/fhir/sid/us-npi,220110,
367,NPI,National Provider Identifier,http://hl7.org/fhir/sid/us-npi,http://hl7.org/fhir/sid/us-npi,220110,
368,NPI,National Provider Identifier,http://hl7.org/fhir/sid/us-npi,http://hl7.org/fhir/sid/us-npi,220110,
369,NPI,National Provider Identifier,http://hl7.org/fhir/sid/us-npi,http://hl7.org/fhir/sid/us-npi,PCP42122,
370,NPI,National Provider Identifier,http://hl7.org/fhir/sid/us-npi,http://hl7.org/fhir/sid/us-npi,220110,
371,NPI,National Provider Identifier,http://hl7.org/fhir/sid/us-npi,http://hl7.org/fhir/sid/us-npi,220110,
372,NPI,National Provider Identifier,http://hl7.org/fhir/sid/us-npi,http://hl7.org/fhir/sid/us-npi,220110,
373,NPI,National Provider Identifier,http://hl7.org/fhir/sid/us-npi,http://hl7.org/fhir/sid/us-npi,220110,
374,NPI,National Provider Identifier,http://hl7.org/fhir/sid/us-npi,http://hl7.org/fhir/sid/us-npi,PCP42122,
375,NPI,National Provider Identifier,http://hl7.org/fhir/sid/us-npi,http://hl7.org/fhir/sid/us-npi,220110,
376,NPI,National Provider Identifier,http://hl7.org/fhir/sid/us-npi,http://hl7.org/fhir/sid/us-npi,220036,
377,NPI,National Provider Identifier,http://hl7.org/fhir/sid/us-npi,http://hl7.org/fhir/sid/us-npi,220110,
378,NPI,National Provider Identifier,http://hl7.org/fhir/sid/us-npi,http://hl7.org/fhir/sid/us-npi,220110,
379,NPI,National Provider Identifier,http://hl7.org/fhir/sid/us-npi,http://hl7.org/fhir/sid/us-npi,220110,
380,NPI,National Provider Identifier,http://hl7.org/fhir/sid/us-npi,http://hl7.org/fhir/sid/us-npi,220110,
381,NPI,National Provider Identifier,http://hl7.org/fhir/sid/us-npi,http://hl7.org/fhir/sid/us-npi,220086,
382,NPI,National Provider Identifier,http://hl7.org/fhir/sid/us-npi,http://hl7.org/fhir/sid/us-npi,220110,
383,NPI,National Provider Identifier,http://hl7.org/fhir/sid/us-npi,http://hl7.org/fhir/sid/us-npi,220110,
384,NPI,National Provider Identifier,http://hl7.org/fhir/sid/us-npi,http://hl7.org/fhir/sid/us-npi,220110,
385,NPI,National Provider Identifier,http://hl7.org/fhir/sid/us-npi,http://hl7.org/fhir/sid/us-npi,PCP42122,
386,NPI,National Provider Identifier,http://hl7.org/fhir/sid/us-npi,http://hl7.org/fhir/sid/us-npi,220110,
387,NPI,National Provider Identifier,http://hl7.org/fhir/sid/us-npi,http://hl7.org/fhir/sid/us-npi,220110,
388,NPI,National Provider Identifier,http://hl7.org/fhir/sid/us-npi,http://hl7.org/fhir/sid/us-npi,220110,
389,NPI,National Provider Identifier,http://hl7.org/fhir/sid/us-npi,http://hl7.org/fhir/sid/us-npi,220110,
390,NPI,National Provider Identifier,http://hl7.org/fhir/sid/us-npi,http://hl7.org/fhir/sid/us-npi,220110,
391,NPI,National Provider Identifier,http://hl7.org/fhir/sid/us-npi,http://hl7.org/fhir/sid/us-npi,PCP303809,
392,NPI,National Provider Identifier,http://hl7.org/fhir/sid/us-npi,http://hl7.org/fhir/sid/us-npi,PCP303809,
393,NPI,National Provider Identifier,http://hl7.org/fhir/sid/us-npi,http://hl7.org/fhir/sid/us-npi,PCP303809,
394,NPI,National Provider Identifier,http://hl7.org/fhir/sid/us-npi,http://hl7.org/fhir/sid/us-npi,PCP303809,
395,NPI,National Provider Identifier,http://hl7.org/fhir/sid/us-npi,http://hl7.org/fhir/sid/us-npi,220052,
396,NPI,National Provider Identifier,http://hl7.org/fhir/sid/us-npi,http://hl7.org/fhir/sid/us-npi,220111,
397,NPI,National Provider Identifier,http://hl7.org/fhir/sid/us-npi,http://hl7.org/fhir/sid/us-npi,PCP303809,
398,NPI,National Provider Identifier,http://hl7.org/fhir/sid/us-npi,http://hl7.org/fhir/sid/us-npi,PCP303809,
399,NPI,National Provider Identifier,http://hl7.org/fhir/sid/us-npi,http://hl7.org/fhir/sid/us-npi,PCP303809,
400,NPI,National Provider Identifier,http://hl7.org/fhir/sid/us-npi,http://hl7.org/fhir/sid/us-npi,220111,
401,NPI,National Provider Identifier,http://hl7.org/fhir/sid/us-npi,http://hl7.org/fhir/sid/us-npi,PCP303809,
402,NPI,National Provider Identifier,http://hl7.org/fhir/sid/us-npi,http://hl7.org/fhir/sid/us-npi,PCP303809,
403,NPI,National Provider Identifier,http://hl7.org/fhir/sid/us-npi,http://hl7.org/fhir/sid/us-npi,PCP303809,
404,NPI,National Provider Identifier,http://hl7.org/fhir/sid/us-npi,http://hl7.org/fhir/sid/us-npi,PCP303809,
405,NPI,National Provider Identifier,http://hl7.org/fhir/sid/us-npi,http://hl7.org/fhir/sid/us-npi,PCP303809,
406,NPI,National Provider Identifier,http://hl7.org/fhir/sid/us-npi,http://hl7.org/fhir/sid/us-npi,PCP303809,
407,NPI,National Provider Identifier,http://hl7.org/fhir/sid/us-npi,http://hl7.org/fhir/sid/us-npi,PCP303809,
408,NPI,National Provider Identifier,http://hl7.org/fhir/sid/us-npi,http://hl7.org/fhir/sid/us-npi,PCP303809,
409,NPI,National Provider Identifier,http://hl7.org/fhir/sid/us-npi,http://hl7.org/fhir/sid/us-npi,PCP303809,
410,NPI,National Provider Identifier,http://hl7.org/fhir/sid/us-npi,http://hl7.org/fhir/sid/us-npi,PCP303809,
411,NPI,National Provider Identifier,http://hl7.org/fhir/sid/us-npi,http://hl7.org/fhir/sid/us-npi,PCP303809,
412,NPI,National Provider Identifier,http://hl7.org/fhir/sid/us-npi,http://hl7.org/fhir/sid/us-npi,PCP303809,
413,NPI,National Provider Identifier,http://hl7.org/fhir/sid/us-npi,http://hl7.org/fhir/sid/us-npi,221517,
414,NPI,National Provider Identifier,http://hl7.org/fhir/sid/us-npi,http://hl7.org/fhir/sid/us-npi,221517,
415,NPI,National Provider Identifier,http://hl7.org/fhir/sid/us-npi,http://hl7.org/fhir/sid/us-npi,221517,
416,NPI,National Provider Identifier,http://hl7.org/fhir/sid/us-npi,http://hl7.org/fhir/sid/us-npi,221517,
417,NPI,National Provider Identifier,http://hl7.org/fhir/sid/us-npi,http://hl7.org/fhir/sid/us-npi,PCP303809,
418,NPI,National Provider Identifier,http://hl7.org/fhir/sid/us-npi,http://hl7.org/fhir/sid/us-npi,PCP303809,
419,NPI,National Provider Identifier,http://hl7.org/fhir/sid/us-npi,http://hl7.org/fhir/sid/us-npi,PCP303809,
420,NPI,National Provider Identifier,http://hl7.org/fhir/sid/us-npi,http://hl7.org/fhir/sid/us-npi,PCP303809,
421,NPI,National Provider Identifier,http://hl7.org/fhir/sid/us-npi,http://hl7.org/fhir/sid/us-npi,523,
422,NPI,National Provider Identifier,http://hl7.org/fhir/sid/us-npi,http://hl7.org/fhir/sid/us-npi,523,
423,NPI,National Provider Identifier,http://hl7.org/fhir/sid/us-npi,http://hl7.org/fhir/sid/us-npi,523,
424,NPI,National Provider Identifier,http://hl7.org/fhir/sid/us-npi,http://hl7.org/fhir/sid/us-npi,523,
425,NPI,National Provider Identifier,http://hl7.org/fhir/sid/us-npi,http://hl7.org/fhir/sid/us-npi,523,
426,NPI,National Provider Identifier,http://hl7.org/fhir/sid/us-npi,http://hl7.org/fhir/sid/us-npi,220002,
427,NPI,National Provider Identifier,http://hl7.org/fhir/sid/us-npi,http://hl7.org/fhir/sid/us-npi,523,
428,NPI,National Provider Identifier,http://hl7.org/fhir/sid/us-npi,http://hl7.org/fhir/sid/us-npi,523,
429,NPI,National Provider Identifier,http://hl7.org/fhir/sid/us-npi,http://hl7.org/fhir/sid/us-npi,220066,
430,NPI,National Provider Identifier,http://hl7.org/fhir/sid/us-npi,http://hl7.org/fhir/sid/us-npi,PCP174035,
431,NPI,National Provider Identifier,http://hl7.org/fhir/sid/us-npi,http://hl7.org/fhir/sid/us-npi,PCP174035,
432,NPI,National Provider Identifier,http://hl7.org/fhir/sid/us-npi,http://hl7.org/fhir/sid/us-npi,PCP174035,
433,NPI,National Provider Identifier,http://hl7.org/fhir/sid/us-npi,http://hl7.org/fhir/sid/us-npi,PCP174035,
434,NPI,National Provider Identifier,http://hl7.org/fhir/sid/us-npi,http://hl7.org/fhir/sid/us-npi,220066,
435,NPI,National Provider Identifier,http://hl7.org/fhir/sid/us-npi,http://hl7.org/fhir/sid/us-npi,PCP174035,
436,NPI,National Provider Identifier,http://hl7.org/fhir/sid/us-npi,http://hl7.org/fhir/sid/us-npi,PCP174035,
437,NPI,National Provider Identifier,http://hl7.org/fhir/sid/us-npi,http://hl7.org/fhir/sid/us-npi,PCP174035,
438,NPI,National Provider Identifier,http://hl7.org/fhir/sid/us-npi,http://hl7.org/fhir/sid/us-npi,PCP174035,
439,NPI,National Provider Identifier,http://hl7.org/fhir/sid/us-npi,http://hl7.org/fhir/sid/us-npi,PCP174035,
440,NPI,National Provider Identifier,http://hl7.org/fhir/sid/us-npi,http://hl7.org/fhir/sid/us-npi,PCP174035,
441,NPI,National Provider Identifier,http://hl7.org/fhir/sid/us-npi,http://hl7.org/fhir/sid/us-npi,PCP174035,
442,NPI,National Provider Identifier,http://hl7.org/fhir/sid/us-npi,http://hl7.org/fhir/sid/us-npi,PCP174035,
443,NPI,National Provider Identifier,http://hl7.org/fhir/sid/us-npi,http://hl7.org/fhir/sid/us-npi,220066,
444,NPI,National Provider Identifier,http://hl7.org/fhir/sid/us-npi,http://hl7.org/fhir/sid/us-npi,PCP174035,
445,NPI,National Provider Identifier,http://hl7.org/fhir/sid/us-npi,http://hl7.org/fhir/sid/us-npi,PCP174035,
446,NPI,National Provider Identifier,http://hl7.org/fhir/sid/us-npi,http://hl7.org/fhir/sid/us-npi,PCP174035,
447,NPI,National Provider Identifier,http://hl7.org/fhir/sid/us-npi,http://hl7.org/fhir/sid/us-npi,PCP174035,
448,NPI,National Provider Identifier,http://hl7.org/fhir/sid/us-npi,http://hl7.org/fhir/sid/us-npi,PCP174035,
449,NPI,National Provider Identifier,http://hl7.org/fhir/sid/us-npi,http://hl7.org/fhir/sid/us-npi,PCP174035,
450,NPI,National Provider Identifier,http://hl7.org/fhir/sid/us-npi,http://hl7.org/fhir/sid/us-npi,PCP174035,
451,NPI,National Provider Identifier,http://hl7.org/fhir/sid/us-npi,http://hl7.org/fhir/sid/us-npi,PCP174035,
452,NPI,National Provider Identifier,http://hl7.org/fhir/sid/us-npi,http://hl7.org/fhir/sid/us-npi,220110,
453,NPI,National Provider Identifier,http://hl7.org/fhir/sid/us-npi,http://hl7.org/fhir/sid/us-npi,223304,
454,NPI,National Provider Identifier,http://hl7.org/fhir/sid/us-npi,http://hl7.org/fhir/sid/us-npi,631GD,
455,NPI,National Provider Identifier,http://hl7.org/fhir/sid/us-npi,http://hl7.org/fhir/sid/us-npi,631GD,
456,NPI,National Provider Identifier,http://hl7.org/fhir/sid/us-npi,http://hl7.org/fhir/sid/us-npi,631GD,
457,NPI,National Provider Identifier,http://hl7.org/fhir/sid/us-npi,http://hl7.org/fhir/sid/us-npi,631GD,
458,NPI,National Provider Identifier,http://hl7.org/fhir/sid/us-npi,http://hl7.org/fhir/sid/us-npi,220016,
459,NPI,National Provider Identifier,http://hl7.org/fhir/sid/us-npi,http://hl7.org/fhir/sid/us-npi,631GD,
460,NPI,National Provider Identifier,http://hl7.org/fhir/sid/us-npi,http://hl7.org/fhir/sid/us-npi,631GD,
461,NPI,National Provider Identifier,http://hl7.org/fhir/sid/us-npi,http://hl7.org/fhir/sid/us-npi,220063,
462,NPI,National Provider Identifier,http://hl7.org/fhir/sid/us-npi,http://hl7.org/fhir/sid/us-npi,PCP24967,
463,NPI,National Provider Identifier,http://hl7.org/fhir/sid/us-npi,http://hl7.org/fhir/sid/us-npi,PCP24967,
464,NPI,National Provider Identifier,http://hl7.org/fhir/sid/us-npi,http://hl7.org/fhir/sid/us-npi,PCP24967,
465,NPI,National Provider Identifier,http://hl7.org/fhir/sid/us-npi,http://hl7.org/fhir/sid/us-npi,PCP24967,
466,NPI,National Provider Identifier,http://hl7.org/fhir/sid/us-npi,http://hl7.org/fhir/sid/us-npi,PCP24967,
467,NPI,National Provider Identifier,http://hl7.org/fhir/sid/us-npi,http://hl7.org/fhir/sid/us-npi,PCP24967,
468,NPI,National Provider Identifier,http://hl7.org/fhir/sid/us-npi,http://hl7.org/fhir/sid/us-npi,220029,
469,NPI,National Provider Identifier,http://hl7.org/fhir/sid/us-npi,http://hl7.org/fhir/sid/us-npi,220029,
470,NPI,National Provider Identifier,http://hl7.org/fhir/sid/us-npi,http://hl7.org/fhir/sid/us-npi,PCP24967,
471,NPI,National Provider Identifier,http://hl7.org/fhir/sid/us-npi,http://hl7.org/fhir/sid/us-npi,PCP24967,
472,NPI,National Provider Identifier,http://hl7.org/fhir/sid/us-npi,http://hl7.org/fhir/sid/us-npi,PCP24967,
473,NPI,National Provider Identifier,http://hl7.org/fhir/sid/us-npi,http://hl7.org/fhir/sid/us-npi,PCP24967,
474,NPI,National Provider Identifier,http://hl7.org/fhir/sid/us-npi,http://hl7.org/fhir/sid/us-npi,PCP24967,
475,NPI,National Provider Identifier,http://hl7.org/fhir/sid/us-npi,http://hl7.org/fhir/sid/us-npi,PCP24967,
476,NPI,National Provider Identifier,http://hl7.org/fhir/sid/us-npi,http://hl7.org/fhir/sid/us-npi,220029,
477,NPI,National Provider Identifier,http://hl7.org/fhir/sid/us-npi,http://hl7.org/fhir/sid/us-npi,220029,
478,NPI,National Provider Identifier,http://hl7.org/fhir/sid/us-npi,http://hl7.org/fhir/sid/us-npi,220029,
479,NPI,National Provider Identifier,http://hl7.org/fhir/sid/us-npi,http://hl7.org/fhir/sid/us-npi,PCP24967,
480,NPI,National Provider Identifier,http://hl7.org/fhir/sid/us-npi,http://hl7.org/fhir/sid/us-npi,PCP24967,
481,NPI,National Provider Identifier,http://hl7.org/fhir/sid/us-npi,http://hl7.org/fhir/sid/us-npi,PCP24967,
482,NPI,National Provider Identifier,http://hl7.org/fhir/sid/us-npi,http://hl7.org/fhir/sid/us-npi,PCP24967,
483,NPI,National Provider Identifier,http://hl7.org/fhir/sid/us-npi,http://hl7.org/fhir/sid/us-npi,PCP24967,
484,NPI,National Provider Identifier,http://hl7.org/fhir/sid/us-npi,http://hl7.org/fhir/sid/us-npi,PCP24967,
485,NPI,National Provider Identifier,http://hl7.org/fhir/sid/us-npi,http://hl7.org/fhir/sid/us-npi,PCP24967,
486,NPI,National Provider Identifier,http://hl7.org/fhir/sid/us-npi,http://hl7.org/fhir/sid/us-npi,PCP24967,
487,NPI,National Provider Identifier,http://hl7.org/fhir/sid/us-npi,http://hl7.org/fhir/sid/us-npi,PCP24967,
488,NPI,National Provider Identifier,http://hl7.org/fhir/sid/us-npi,http://hl7.org/fhir/sid/us-npi,220029,
489,NPI,National Provider Identifier,http://hl7.org/fhir/sid/us-npi,http://hl7.org/fhir/sid/us-npi,220029,
490,NPI,National Provider Identifier,http://hl7.org/fhir/sid/us-npi,http://hl7.org/fhir/sid/us-npi,220029,
491,NPI,National Provider Identifier,http://hl7.org/fhir/sid/us-npi,http://hl7.org/fhir/sid/us-npi,220029,
492,NPI,National Provider Identifier,http://hl7.org/fhir/sid/us-npi,http://hl7.org/fhir/sid/us-npi,220029,
493,NPI,National Provider Identifier,http://hl7.org/fhir/sid/us-npi,http://hl7.org/fhir/sid/us-npi,220029,
494,NPI,National Provider Identifier,http://hl7.org/fhir/sid/us-npi,http://hl7.org/fhir/sid/us-npi,220029,
495,NPI,National Provider Identifier,http://hl7.org/fhir/sid/us-npi,http://hl7.org/fhir/sid/us-npi,PCP24967,
496,NPI,National Provider Identifier,http://hl7.org/fhir/sid/us-npi,http://hl7.org/fhir/sid/us-npi,PCP24967,
497,NPI,National Provider Identifier,http://hl7.org/fhir/sid/us-npi,http://hl7.org/fhir/sid/us-npi,PCP24967,
498,NPI,National Provider Identifier,http://hl7.org/fhir/sid/us-npi,http://hl7.org/fhir/sid/us-npi,220029,
499,NPI,National Provider Identifier,http://hl7.org/fhir/sid/us-npi,http://hl7.org/fhir/sid/us-npi,220029,
500,NPI,National Provider Identifier,http://hl7.org/fhir/sid/us-npi,http://hl7.org/fhir/sid/us-npi,220029,
501,NPI,National Provider Identifier,http://hl7.org/fhir/sid/us-npi,http://hl7.org/fhir/sid/us-npi,PCP24967,
502,NPI,National Provider Identifier,http://hl7.org/fhir/sid/us-npi,http://hl7.org/fhir/sid/us-npi,PCP24967,
503,NPI,National Provider Identifier,http://hl7.org/fhir/sid/us-npi,http://hl7.org/fhir/sid/us-npi,PCP24967,
504,NPI,National Provider Identifier,http://hl7.org/fhir/sid/us-npi,http://hl7.org/fhir/sid/us-npi,PCP304658,
505,NPI,National Provider Identifier,http://hl7.org/fhir/sid/us-npi,http://hl7.org/fhir/sid/us-npi,PCP304658,
506,NPI,National Provider Identifier,http://hl7.org/fhir/sid/us-npi,http://hl7.org/fhir/sid/us-npi,PCP304658,
507,NPI,National Provider Identifier,http://hl7.org/fhir/sid/us-npi,http://hl7.org/fhir/sid/us-npi,PCP304658,
508,NPI,National Provider Identifier,http://hl7.org/fhir/sid/us-npi,http://hl7.org/fhir/sid/us-npi,PCP304658,
509,NPI,National Provider Identifier,http://hl7.org/fhir/sid/us-npi,http://hl7.org/fhir/sid/us-npi,PCP304658,
510,NPI,National Provider Identifier,http://hl7.org/fhir/sid/us-npi,http://hl7.org/fhir/sid/us-npi,PCP304658,
511,NPI,National Provider Identifier,http://hl7.org/fhir/sid/us-npi,http://hl7.org/fhir/sid/us-npi,PCP304658,
512,NPI,National Provider Identifier,http://hl7.org/fhir/sid/us-npi,http://hl7.org/fhir/sid/us-npi,PCP304658,
513,NPI,National Provider Identifier,http://hl7.org/fhir/sid/us-npi,http://hl7.org/fhir/sid/us-npi,PCP304658,
514,NPI,National Provider Identifier,http://hl7.org/fhir/sid/us-npi,http://hl7.org/fhir/sid/us-npi,PCP304658,
515,NPI,National Provider Identifier,http://hl7.org/fhir/sid/us-npi,http://hl7.org/fhir/sid/us-npi,PCP304658,
516,NPI,National Provider Identifier,http://hl7.org/fhir/sid/us-npi,http://hl7.org/fhir/sid/us-npi,PCP304658,
517,NPI,National Provider Identifier,http://hl7.org/fhir/sid/us-npi,http://hl7.org/fhir/sid/us-npi,PCP304658,
518,NPI,National Provider Identifier,http://hl7.org/fhir/sid/us-npi,http://hl7.org/fhir/sid/us-npi,PCP304658,
519,NPI,National Provider Identifier,http://hl7.org/fhir/sid/us-npi,http://hl7.org/fhir/sid/us-npi,PCP304658,
520,NPI,National Provider Identifier,http://hl7.org/fhir/sid/us-npi,http://hl7.org/fhir/sid/us-npi,PCP304658,
521,NPI,National Provider Identifier,http://hl7.org/fhir/sid/us-npi,http://hl7.org/fhir/sid/us-npi,PCP304658,
522,NPI,National Provider Identifier,http://hl7.org/fhir/sid/us-npi,http://hl7.org/fhir/sid/us-npi,PCP304658,
523,NPI,National Provider Identifier,http://hl7.org/fhir/sid/us-npi,http://hl7.org/fhir/sid/us-npi,PCP304658,
524,NPI,National Provider Identifier,http://hl7.org/fhir/sid/us-npi,http://hl7.org/fhir/sid/us-npi,PCP304658,
525,NPI,National Provider Identifier,http://hl7.org/fhir/sid/us-npi,http://hl7.org/fhir/sid/us-npi,PCP304658,
526,NPI,National Provider Identifier,http://hl7.org/fhir/sid/us-npi,http://hl7.org/fhir/sid/us-npi,PCP304658,
527,NPI,National Provider Identifier,http://hl7.org/fhir/sid/us-npi,http://hl7.org/fhir/sid/us-npi,PCP304658,
528,NPI,National Provider Identifier,http://hl7.org/fhir/sid/us-npi,http://hl7.org/fhir/sid/us-npi,PCP304658,
529,NPI,National Provider Identifier,http://hl7.org/fhir/sid/us-npi,http://hl7.org/fhir/sid/us-npi,PCP304658,
530,NPI,National Provider Identifier,http://hl7.org/fhir/sid/us-npi,http://hl7.org/fhir/sid/us-npi,PCP304658,
531,NPI,National Provider Identifier,http://hl7.org/fhir/sid/us-npi,http://hl7.org/fhir/sid/us-npi,PCP304658,
532,NPI,National Provider Identifier,http://hl7.org/fhir/sid/us-npi,http://hl7.org/fhir/sid/us-npi,PCP304658,
533,NPI,National Provider Identifier,http://hl7.org/fhir/sid/us-npi,http://hl7.org/fhir/sid/us-npi,PCP304658,
534,NPI,National Provider Identifier,http://hl7.org/fhir/sid/us-npi,http://hl7.org/fhir/sid/us-npi,PCP304658,
535,NPI,National Provider Identifier,http://hl7.org/fhir/sid/us-npi,http://hl7.org/fhir/sid/us-npi,PCP304658,
536,NPI,National Provider Identifier,http://hl7.org/fhir/sid/us-npi,http://hl7.org/fhir/sid/us-npi,PCP304658,
537,NPI,National Provider Identifier,http://hl7.org/fhir/sid/us-npi,http://hl7.org/fhir/sid/us-npi,PCP304658,
538,NPI,National Provider Identifier,http://hl7.org/fhir/sid/us-npi,http://hl7.org/fhir/sid/us-npi,PCP304658,
539,NPI,National Provider Identifier,http://hl7.org/fhir/sid/us-npi,http://hl7.org/fhir/sid/us-npi,PCP304658,
540,NPI,National Provider Identifier,http://hl7.org/fhir/sid/us-npi,http://hl7.org/fhir/sid/us-npi,PCP304658,
541,NPI,National Provider Identifier,http://hl7.org/fhir/sid/us-npi,http://hl7.org/fhir/sid/us-npi,PCP304658,
542,NPI,National Provider Identifier,http://hl7.org/fhir/sid/us-npi,http://hl7.org/fhir/sid/us-npi,PCP304658,
543,NPI,National Provider Identifier,http://hl7.org/fhir/sid/us-npi,http://hl7.org/fhir/sid/us-npi,PCP304658,
544,NPI,National Provider Identifier,http://hl7.org/fhir/sid/us-npi,http://hl7.org/fhir/sid/us-npi,220052,
545,NPI,National Provider Identifier,http://hl7.org/fhir/sid/us-npi,http://hl7.org/fhir/sid/us-npi,220052,
546,NPI,National Provider Identifier,http://hl7.org/fhir/sid/us-npi,http://hl7.org/fhir/sid/us-npi,220052,
547,NPI,National Provider Identifier,http://hl7.org/fhir/sid/us-npi,http://hl7.org/fhir/sid/us-npi,220052,
548,NPI,National Provider Identifier,http://hl7.org/fhir/sid/us-npi,http://hl7.org/fhir/sid/us-npi,220052,
549,NPI,National Provider Identifier,http://hl7.org/fhir/sid/us-npi,http://hl7.org/fhir/sid/us-npi,220052,
550,NPI,National Provider Identifier,http://hl7.org/fhir/sid/us-npi,http://hl7.org/fhir/sid/us-npi,220052,
551,NPI,National Provider Identifier,http://hl7.org/fhir/sid/us-npi,http://hl7.org/fhir/sid/us-npi,220070,
552,NPI,National Provider Identifier,http://hl7.org/fhir/sid/us-npi,http://hl7.org/fhir/sid/us-npi,PCP90266,
553,NPI,National Provider Identifier,http://hl7.org/fhir/sid/us-npi,http://hl7.org/fhir/sid/us-npi,PCP90266,
554,NPI,National Provider Identifier,http://hl7.org/fhir/sid/us-npi,http://hl7.org/fhir/sid/us-npi,220070,
555,NPI,National Provider Identifier,http://hl7.org/fhir/sid/us-npi,http://hl7.org/fhir/sid/us-npi,220070,
556,NPI,National Provider Identifier,http://hl7.org/fhir/sid/us-npi,http://hl7.org/fhir/sid/us-npi,220070,
557,NPI,National Provider Identifier,http://hl7.org/fhir/sid/us-npi,http://hl7.org/fhir/sid/us-npi,PCP90266,
558,NPI,National Provider Identifier,http://hl7.org/fhir/sid/us-npi,http://hl7.org/fhir/sid/us-npi,PCP90266,
559,NPI,National Provider Identifier,http://hl7.org/fhir/sid/us-npi,http://hl7.org/fhir/sid/us-npi,220070,
560,NPI,National Provider Identifier,http://hl7.org/fhir/sid/us-npi,http://hl7.org/fhir/sid/us-npi,PCP90266,
561,NPI,National Provider Identifier,http://hl7.org/fhir/sid/us-npi,http://hl7.org/fhir/sid/us-npi,PCP90266,
562,NPI,National Provider Identifier,http://hl7.org/fhir/sid/us-npi,http://hl7.org/fhir/sid/us-npi,220070,
563,NPI,National Provider Identifier,http://hl7.org/fhir/sid/us-npi,http://hl7.org/fhir/sid/us-npi,PCP90266,
564,NPI,National Provider Identifier,http://hl7.org/fhir/sid/us-npi,http://hl7.org/fhir/sid/us-npi,PCP90266,
565,NPI,National Provider Identifier,http://hl7.org/fhir/sid/us-npi,http://hl7.org/fhir/sid/us-npi,220070,
566,NPI,National Provider Identifier,http://hl7.org/fhir/sid/us-npi,http://hl7.org/fhir/sid/us-npi,PCP90266,
567,NPI,National Provider Identifier,http://hl7.org/fhir/sid/us-npi,http://hl7.org/fhir/sid/us-npi,PCP90266,
568,NPI,National Provider Identifier,http://hl7.org/fhir/sid/us-npi,http://hl7.org/fhir/sid/us-npi,220070,
569,NPI,National Provider Identifier,http://hl7.org/fhir/sid/us-npi,http://hl7.org/fhir/sid/us-npi,PCP90266,
570,NPI,National Provider Identifier,http://hl7.org/fhir/sid/us-npi,http://hl7.org/fhir/sid/us-npi,PCP90266,
571,NPI,National Provider Identifier,http://hl7.org/fhir/sid/us-npi,http://hl7.org/fhir/sid/us-npi,220070,
572,NPI,National Provider Identifier,http://hl7.org/fhir/sid/us-npi,http://hl7.org/fhir/sid/us-npi,PCP90266,
573,NPI,National Provider Identifier,http://hl7.org/fhir/sid/us-npi,http://hl7.org/fhir/sid/us-npi,PCP90266,
574,NPI,National Provider Identifier,http://hl7.org/fhir/sid/us-npi,http://hl7.org/fhir/sid/us-npi,220070,
575,NPI,National Provider Identifier,http://hl7.org/fhir/sid/us-npi,http://hl7.org/fhir/sid/us-npi,220070,
576,NPI,National Provider Identifier,http://hl7.org/fhir/sid/us-npi,http://hl7.org/fhir/sid/us-npi,220070,
577,NPI,National Provider Identifier,http://hl7.org/fhir/sid/us-npi,http://hl7.org/fhir/sid/us-npi,PCP90266,
578,NPI,National Provider Identifier,http://hl7.org/fhir/sid/us-npi,http://hl7.org/fhir/sid/us-npi,PCP90266,
579,NPI,National Provider Identifier,http://hl7.org/fhir/sid/us-npi,http://hl7.org/fhir/sid/us-npi,220002,
580,NPI,National Provider Identifier,http://hl7.org/fhir/sid/us-npi,http://hl7.org/fhir/sid/us-npi,PCP165213,
581,NPI,National Provider Identifier,http://hl7.org/fhir/sid/us-npi,http://hl7.org/fhir/sid/us-npi,PCP165213,
582,NPI,National Provider Identifier,http://hl7.org/fhir/sid/us-npi,http://hl7.org/fhir/sid/us-npi,PCP165213,
583,NPI,National Provider Identifier,http://hl7.org/fhir/sid/us-npi,http://hl7.org/fhir/sid/us-npi,220100,
584,NPI,National Provider Identifier,http://hl7.org/fhir/sid/us-npi,http://hl7.org/fhir/sid/us-npi,220100,
585,NPI,National Provider Identifier,http://hl7.org/fhir/sid/us-npi,http://hl7.org/fhir/sid/us-npi,220100,
586,NPI,National Provider Identifier,http://hl7.org/fhir/sid/us-npi,http://hl7.org/fhir/sid/us-npi,220108,
587,NPI,National Provider Identifier,http://hl7.org/fhir/sid/us-npi,http://hl7.org/fhir/sid/us-npi,PCP165213,
588,NPI,National Provider Identifier,http://hl7.org/fhir/sid/us-npi,http://hl7.org/fhir/sid/us-npi,PCP165213,
589,NPI,National Provider Identifier,http://hl7.org/fhir/sid/us-npi,http://hl7.org/fhir/sid/us-npi,PCP165213,
590,NPI,National Provider Identifier,http://hl7.org/fhir/sid/us-npi,http://hl7.org/fhir/sid/us-npi,PCP165213,
591,NPI,National Provider Identifier,http://hl7.org/fhir/sid/us-npi,http://hl7.org/fhir/sid/us-npi,PCP165213,
592,NPI,National Provider Identifier,http://hl7.org/fhir/sid/us-npi,http://hl7.org/fhir/sid/us-npi,PCP165213,
593,NPI,National Provider Identifier,http://hl7.org/fhir/sid/us-npi,http://hl7.org/fhir/sid/us-npi,PCP165213,
594,NPI,National Provider Identifier,http://hl7.org/fhir/sid/us-npi,http://hl7.org/fhir/sid/us-npi,PCP165213,
595,NPI,National Provider Identifier,http://hl7.org/fhir/sid/us-npi,http://hl7.org/fhir/sid/us-npi,PCP165213,
596,NPI,National Provider Identifier,http://hl7.org/fhir/sid/us-npi,http://hl7.org/fhir/sid/us-npi,PCP165213,
597,NPI,National Provider Identifier,http://hl7.org/fhir/sid/us-npi,http://hl7.org/fhir/sid/us-npi,PCP165213,
598,NPI,National Provider Identifier,http://hl7.org/fhir/sid/us-npi,http://hl7.org/fhir/sid/us-npi,PCP165213,
599,NPI,National Provider Identifier,http://hl7.org/fhir/sid/us-npi,http://hl7.org/fhir/sid/us-npi,220100,
600,NPI,National Provider Identifier,http://hl7.org/fhir/sid/us-npi,http://hl7.org/fhir/sid/us-npi,220100,
601,NPI,National Provider Identifier,http://hl7.org/fhir/sid/us-npi,http://hl7.org/fhir/sid/us-npi,220100,
602,NPI,National Provider Identifier,http://hl7.org/fhir/sid/us-npi,http://hl7.org/fhir/sid/us-npi,PCP165213,
603,NPI,National Provider Identifier,http://hl7.org/fhir/sid/us-npi,http://hl7.org/fhir/sid/us-npi,PCP165213,
604,NPI,National Provider Identifier,http://hl7.org/fhir/sid/us-npi,http://hl7.org/fhir/sid/us-npi,PCP165213,
605,NPI,National Provider Identifier,http://hl7.org/fhir/sid/us-npi,http://hl7.org/fhir/sid/us-npi,PCP165213,
606,NPI,National Provider Identifier,http://hl7.org/fhir/sid/us-npi,http://hl7.org/fhir/sid/us-npi,518GE,
607,NPI,National Provider Identifier,http://hl7.org/fhir/sid/us-npi,http://hl7.org/fhir/sid/us-npi,518GE,
608,NPI,National Provider Identifier,http://hl7.org/fhir/sid/us-npi,http://hl7.org/fhir/sid/us-npi,518GE,
609,NPI,National Provider Identifier,http://hl7.org/fhir/sid/us-npi,http://hl7.org/fhir/sid/us-npi,518GE,
610,NPI,National Provider Identifier,http://hl7.org/fhir/sid/us-npi,http://hl7.org/fhir/sid/us-npi,518GE,
611,NPI,National Provider Identifier,http://hl7.org/fhir/sid/us-npi,http://hl7.org/fhir/sid/us-npi,518GE,
612,NPI,National Provider Identifier,http://hl7.org/fhir/sid/us-npi,http://hl7.org/fhir/sid/us-npi,518GE,
613,NPI,National Provider Identifier,http://hl7.org/fhir/sid/us-npi,http://hl7.org/fhir/sid/us-npi,518GE,
614,NPI,National Provider Identifier,http://hl7.org/fhir/sid/us-npi,http://hl7.org/fhir/sid/us-npi,518GE,
615,NPI,National Provider Identifier,http://hl7.org/fhir/sid/us-npi,http://hl7.org/fhir/sid/us-npi,518GE,
616,NPI,National Provider Identifier,http://hl7.org/fhir/sid/us-npi,http://hl7.org/fhir/sid/us-npi,518GE,
617,NPI,National Provider Identifier,http://hl7.org/fhir/sid/us-npi,http://hl7.org/fhir/sid/us-npi,518GE,
618,NPI,National Provider Identifier,http://hl7.org/fhir/sid/us-npi,http://hl7.org/fhir/sid/us-npi,220070,
619,NPI,National Provider Identifier,http://hl7.org/fhir/sid/us-npi,http://hl7.org/fhir/sid/us-npi,220070,
620,NPI,National Provider Identifier,http://hl7.org/fhir/sid/us-npi,http://hl7.org/fhir/sid/us-npi,220070,
621,NPI,National Provider Identifier,http://hl7.org/fhir/sid/us-npi,http://hl7.org/fhir/sid/us-npi,220070,
